"","Country.uid.1.100.","Country.link.1.100."
"1",3037391239,"https://www.instagram.com/p/BGKOCHNE2H-/"
"2",369058916,"https://www.instagram.com/p/BGMqffVvTUE/"
"3",146330336,"https://www.instagram.com/p/BHNY_x_hFz9/"
"4",773692787,"https://www.instagram.com/p/BGZfRt3K5GQ/"
"5",232191202,"https://www.instagram.com/p/BGpJnY1ks4G/"
"6",291387219,"https://www.instagram.com/p/BHBBhQ2hHIh/"
"7",1972489325,"https://www.instagram.com/p/BGztLfZw5na/"
"8",18594965,"https://www.instagram.com/p/BHKhLINhgfS/"
"9",27796453,"https://www.instagram.com/p/BG2nQKolriF/"
"10",10691085,"https://www.instagram.com/p/BGKcPjuEPv0/"
"11",1104517664,"https://www.instagram.com/p/BHNFFDSg_UP/"
"12",29866427,"https://www.instagram.com/p/BHGRAX-jMmc/"
"13",22794723,"https://www.instagram.com/p/BGbFK0TSdPC/"
"14",259161018,"https://www.instagram.com/p/BGkYwpmj-_0/"
"15",268310987,"https://www.instagram.com/p/BGYKhRNj3K3/"
"16",283495355,"https://www.instagram.com/p/BG5YsJIBZJo/"
"17",310140553,"https://www.instagram.com/p/BGesBGQCKgF/"
"18",302985792,"https://www.instagram.com/p/BHJPg3JBARw/"
"19",227159265,"https://www.instagram.com/p/BHQNuQXDtXE/"
"20",312153185,"https://www.instagram.com/p/BHF3J8rhicb/"
"21",634137970,"https://www.instagram.com/p/BGnuMKRLm2a/"
"22",364282509,"https://www.instagram.com/p/BHFvjizAKg7/"
"23",372536902,"https://www.instagram.com/p/BHJAaPYAWg0/"
"24",12807459,"https://www.instagram.com/p/BGmTSC8JnHu/"
"25",14320191,"https://www.instagram.com/p/BGR-Yt1gwIu/"
"26",176236376,"https://www.instagram.com/p/BG5sM6dlYbQ/"
"27",187036329,"https://www.instagram.com/p/BGK1GFQlMuE/"
"28",187170789,"https://www.instagram.com/p/BGWENDpDFvR/"
"29",1445888441,"https://www.instagram.com/p/BHNaIOogOnB/"
"30",714004786,"https://www.instagram.com/p/BGnpfiTys7L/"
"31",222368513,"https://www.instagram.com/p/BGUeRR-Nuq0/"
"32",253183082,"https://www.instagram.com/p/BHIOEtFhqRW/"
"33",2206286860,"https://www.instagram.com/p/BGF2V5kHReX/"
"34",1243690178,"https://www.instagram.com/p/BGxdjjaAs8e/"
"35",10874473,"https://www.instagram.com/p/BG8AWo4xes5/"
"36",388267931,"https://www.instagram.com/p/BGNknIArdDf/"
"37",4142699,"https://www.instagram.com/p/BHA6IBlKjL6/"
"38",350028321,"https://www.instagram.com/p/BGnAk-QM-kG/"
"39",1384062753,"https://www.instagram.com/p/BGGVsipKwpv/"
"40",1522653917,"https://www.instagram.com/p/BGqqEoHPTmO/"
"41",544467672,"https://www.instagram.com/p/BGtMHCGqcVm/"
"42",268571778,"https://www.instagram.com/p/BGhXDBHm81N/"
"43",274984854,"https://www.instagram.com/p/BGlEmHUy9wS/"
"44",1727416404,"https://www.instagram.com/p/BHOS_6TjSJH/"
"45",23609640,"https://www.instagram.com/p/BHNyRAkhzg2/"
"46",181852983,"https://www.instagram.com/p/BGSb7pJLqBV/"
"47",414596905,"https://www.instagram.com/p/BGM1P1VHcqh/"
"48",323342569,"https://www.instagram.com/p/BGp6DrtKCot/"
"49",2201357796,"https://www.instagram.com/p/BGj5RmXq7W0/"
"50",7148519,"https://www.instagram.com/p/BGp3QOENwLm/"
"51",244750844,"https://www.instagram.com/p/BGYLLYCjTTG/"
"52",56079961,"https://www.instagram.com/p/BGHuYzLzYnS/"
"53",20852399,"https://www.instagram.com/p/BGXRRL1pYMG/"
"54",186060187,"https://www.instagram.com/p/BGjhIsugvFb/"
"55",145628458,"https://www.instagram.com/p/BGW2Xz2tgyb/"
"56",574378882,"https://www.instagram.com/p/BGYCwcIvK8G/"
"57",1325743378,"https://www.instagram.com/p/BG-3249NM5l/"
"58",714128623,"https://www.instagram.com/p/BG0BLbaOKAM/"
"59",430516,"https://www.instagram.com/p/BGicVQYiBQF/"
"60",202591828,"https://www.instagram.com/p/BGNT0jFHJfC/"
"61",1463784247,"https://www.instagram.com/p/BHPsBZ_AQeq/"
"62",267880580,"https://www.instagram.com/p/BGkqvXpiRVl/"
"63",312960662,"https://www.instagram.com/p/BHIWwlFBD7r/"
"64",297285300,"https://www.instagram.com/p/BG46JPEhLW7/"
"65",248338778,"https://www.instagram.com/p/BG2gyORuwzU/"
"66",2321489938,"https://www.instagram.com/p/BGkWFx2TS6A/"
"67",575777537,"https://www.instagram.com/p/BGvtOtbp6mb/"
"68",2176823105,"https://www.instagram.com/p/BGatWmrMIsR/"
"69",1642745915,"https://www.instagram.com/p/BGRuThujlGP/"
"70",537063722,"https://www.instagram.com/p/BHFXT62ABwb/"
"71",25610871,"https://www.instagram.com/p/BGX3jAsjaCR/"
"72",178416835,"https://www.instagram.com/p/BG-ESKTHLGz/"
"73",178143737,"https://www.instagram.com/p/BHCvL1fB5Kt/"
"74",1948844489,"https://www.instagram.com/p/BG7mXoNximt/"
"75",237666533,"https://www.instagram.com/p/BGhS5L7l_vd/"
"76",285798239,"https://www.instagram.com/p/BGsHLj2sqBZ/"
"77",10874473,"https://www.instagram.com/p/BGW6KbfRehT/"
"78",2672488252,"https://www.instagram.com/p/BGLe5cRMtem/"
"79",505343053,"https://www.instagram.com/p/BHDqzPRAvNK/"
"80",229497758,"https://www.instagram.com/p/BHSpIirAIeo/"
"81",1140456395,"https://www.instagram.com/p/BGU_VKxFdAT/"
"82",1594847308,"https://www.instagram.com/p/BGV9yHEpBRL/"
"83",25425340,"https://www.instagram.com/p/BGrsF3gBVf9/"
"84",227414301,"https://www.instagram.com/p/BGqGXP1wzgf/"
"85",674363562,"https://www.instagram.com/p/BHDN0_QBknn/"
"86",8637273,"https://www.instagram.com/p/BGHFjybI4qD/"
"87",1498462527,"https://www.instagram.com/p/BGx0Sxhp4BJ/"
"88",20083790,"https://www.instagram.com/p/BGxVUVeOz2Y/"
"89",1794036123,"https://www.instagram.com/p/BG7pW2wEZGe/"
"90",544467672,"https://www.instagram.com/p/BG6Krw5qcTm/"
"91",181852983,"https://www.instagram.com/p/BGLIXvLrqCW/"
"92",2260590727,"https://www.instagram.com/p/BHATmemC2Fs/"
"93",382287,"https://www.instagram.com/p/BHSwXoXB-Ok/"
"94",198892,"https://www.instagram.com/p/BG4ztn3PNQx/"
"95",396752563,"https://www.instagram.com/p/BHAk9pPKBCn/"
"96",335649812,"https://www.instagram.com/p/BHDwByRhI3a/"
"97",344005055,"https://www.instagram.com/p/BGptystAOK0/"
"98",332081220,"https://www.instagram.com/p/BHKdaL2jbaD/"
"99",332586051,"https://www.instagram.com/p/BGmVIhYkHEF/"
"100",3227931626,"https://www.instagram.com/p/BGxOmkHGW91/"
