"","Country.uid.which.Country.type.....video...1.100..","X.Country.link.which.Country.type.....video...1.100..."
"1",364282509,"https://www.instagram.com/p/BHFvjizAKg7/"
"2",2206286860,"https://www.instagram.com/p/BGF2V5kHReX/"
"3",1243690178,"https://www.instagram.com/p/BGxdjjaAs8e/"
"4",10874473,"https://www.instagram.com/p/BG8AWo4xes5/"
"5",1727416404,"https://www.instagram.com/p/BHOS_6TjSJH/"
"6",7148519,"https://www.instagram.com/p/BGp3QOENwLm/"
"7",56079961,"https://www.instagram.com/p/BGHuYzLzYnS/"
"8",714128623,"https://www.instagram.com/p/BG0BLbaOKAM/"
"9",202591828,"https://www.instagram.com/p/BGNT0jFHJfC/"
"10",2321489938,"https://www.instagram.com/p/BGkWFx2TS6A/"
"11",575777537,"https://www.instagram.com/p/BGvtOtbp6mb/"
"12",1948844489,"https://www.instagram.com/p/BG7mXoNximt/"
"13",25425340,"https://www.instagram.com/p/BGrsF3gBVf9/"
"14",396752563,"https://www.instagram.com/p/BHAk9pPKBCn/"
"15",177100514,"https://www.instagram.com/p/BG0dg0MiA_C/"
"16",180705853,"https://www.instagram.com/p/BG0G6v3jVt9/"
"17",1635919934,"https://www.instagram.com/p/BHDBQNDD4Tv/"
"18",47743681,"https://www.instagram.com/p/BHQFcAWDrmI/"
"19",1998253574,"https://www.instagram.com/p/BHPOZZ3jk_e/"
"20",2375599330,"https://www.instagram.com/p/BGIfe-Xw6_F/"
"21",215350047,"https://www.instagram.com/p/BGy38iGAMF6/"
"22",412585238,"https://www.instagram.com/p/BGkdV-Tg7xL/"
"23",9164186,"https://www.instagram.com/p/BGdGnvDwW4p/"
"24",25823071,"https://www.instagram.com/p/BGiNH7tMALQ/"
"25",2244330344,"https://www.instagram.com/p/BGGUr9jBWUT/"
"26",239102248,"https://www.instagram.com/p/BG1_NF2oybH/"
"27",283365606,"https://www.instagram.com/p/BGr__zACX-b/"
"28",39121241,"https://www.instagram.com/p/BGPxcOwE2lC/"
"29",269104817,"https://www.instagram.com/p/BGxbHzJy0vx/"
"30",30802071,"https://www.instagram.com/p/BGxea-XoGCA/"
"31",179729827,"https://www.instagram.com/p/BGxkib-y3GP/"
"32",386352752,"https://www.instagram.com/p/BG_oot6qwdv/"
"33",674954909,"https://www.instagram.com/p/BGdQep2zLmN/"
"34",144982858,"https://www.instagram.com/p/BGIbvlIrKwE/"
"35",265620605,"https://www.instagram.com/p/BGrixR4CXmm/"
"36",205503429,"https://www.instagram.com/p/BGNDoWrNZu_/"
"37",271508291,"https://www.instagram.com/p/BGKMM_is3Mw/"
"38",195712321,"https://www.instagram.com/p/BHCpTlOBmG4/"
"39",12107152,"https://www.instagram.com/p/BGN0D6joaXI/"
"40",329044998,"https://www.instagram.com/p/BGSwyrdTh-n/"
"41",197847228,"https://www.instagram.com/p/BGXoy3LotUG/"
"42",2634927158,"https://www.instagram.com/p/BG_IIxWobxT/"
"43",554053870,"https://www.instagram.com/p/BGXDZcdvH5S/"
"44",20620887,"https://www.instagram.com/p/BGNqXQ9jeGu/"
"45",3044577225,"https://www.instagram.com/p/BGnPgcGospz/"
"46",306556721,"https://www.instagram.com/p/BG45H7rGumw/"
"47",1499214681,"https://www.instagram.com/p/BGckPoDySga/"
"48",397180856,"https://www.instagram.com/p/BGuyYE9jWcG/"
"49",291958249,"https://www.instagram.com/p/BGvGFNLMsnv/"
"50",290473933,"https://www.instagram.com/p/BHNWPEuj-kZ/"
"51",1361557344,"https://www.instagram.com/p/BG4wytlpKfX/"
"52",1696063030,"https://www.instagram.com/p/BHHthW9DRPz/"
"53",470689153,"https://www.instagram.com/p/BG7oTDwQOsE/"
"54",11317149,"https://www.instagram.com/p/BG9y-vtIZt7/"
"55",17383043,"https://www.instagram.com/p/BHOCqb9hJvD/"
"56",2990056938,"https://www.instagram.com/p/BGt7vMFnkyZ/"
"57",22347353,"https://www.instagram.com/p/BGmeqC8JMlX/"
"58",7180813,"https://www.instagram.com/p/BGa0UOpjLp9/"
"59",460625304,"https://www.instagram.com/p/BGk8RnYBMZ6/"
"60",1525429266,"https://www.instagram.com/p/BHOAgqRgErF/"
"61",242927570,"https://www.instagram.com/p/BGPbLE3KC6m/"
"62",46042233,"https://www.instagram.com/p/BGYiPFGouhn/"
"63",1579353847,"https://www.instagram.com/p/BG7tckQvCHz/"
"64",1486397594,"https://www.instagram.com/p/BG49LyUqI_h/"
"65",3042547068,"https://www.instagram.com/p/BGUgopfIFcJ/"
"66",1680896390,"https://www.instagram.com/p/BGpzPEXFb0G/"
"67",328690659,"https://www.instagram.com/p/BGpeOXZClAQ/"
"68",416457147,"https://www.instagram.com/p/BGTNuy4IZID/"
"69",241766531,"https://www.instagram.com/p/BGS72eVl_BK/"
"70",210033540,"https://www.instagram.com/p/BGqRnbAt1Wn/"
"71",236166121,"https://www.instagram.com/p/BGiVnrIEYjl/"
"72",32577766,"https://www.instagram.com/p/BGnA3wQqz2S/"
"73",25965765,"https://www.instagram.com/p/BGSMs7qi_q2/"
"74",3028809167,"https://www.instagram.com/p/BGKjBoZwSPP/"
"75",2050663121,"https://www.instagram.com/p/BHNK8TtDXCB/"
"76",554053870,"https://www.instagram.com/p/BGz4iIivH8e/"
"77",25425340,"https://www.instagram.com/p/BGr5F9BhVSm/"
"78",221040987,"https://www.instagram.com/p/BGz6br8D3Cm/"
"79",1607599177,"https://www.instagram.com/p/BGweD_ZwUpQ/"
"80",17723605,"https://www.instagram.com/p/BHJFrNJj0Sg/"
"81",269125920,"https://www.instagram.com/p/BHQl8EMDQ58/"
"82",1786092501,"https://www.instagram.com/p/BHBMHLgABeH/"
"83",8019704,"https://www.instagram.com/p/BGxMyRAyYcd/"
"84",1625341806,"https://www.instagram.com/p/BGknMN9HDzJ/"
"85",6257571,"https://www.instagram.com/p/BHSy-9_hFgr/"
"86",27091191,"https://www.instagram.com/p/BHG2LVADpei/"
"87",344992969,"https://www.instagram.com/p/BGLlVVgLmvU/"
"88",332441527,"https://www.instagram.com/p/BG7KNqZF-Mv/"
"89",1754740936,"https://www.instagram.com/p/BGWiZsYDqXK/"
"90",609363263,"https://www.instagram.com/p/BGfbMQQMwOd/"
"91",182722893,"https://www.instagram.com/p/BGZ_wexLTnD/"
"92",33036216,"https://www.instagram.com/p/BGQ7UDIEwWU/"
"93",202617033,"https://www.instagram.com/p/BHE_iD2gKcI/"
"94",412471896,"https://www.instagram.com/p/BGVdDsUHaZB/"
"95",2991832055,"https://www.instagram.com/p/BHPzXKADzPa/"
"96",178255331,"https://www.instagram.com/p/BGvRNMrhTHD/"
"97",189911302,"https://www.instagram.com/p/BG5gkcFFFzJ/"
"98",918131966,"https://www.instagram.com/p/BGu-1tMnryK/"
"99",146104177,"https://www.instagram.com/p/BGMh8l8QUon/"
"100",2441489197,"https://www.instagram.com/p/BGuDHkqQZmM/"
