"","Country.uid.which.Country.type.....carousel...1.100..","X.Country.link.which.Country.type.....carousel...1.100..."
"1",178644502,"https://www.instagram.com/p/BQ3Q2wGghl8/"
"2",210083349,"https://www.instagram.com/p/BREUCw5jEPT/"
"3",20538411,"https://www.instagram.com/p/BQ3WNgwAikB/"
"4",3170020374,"https://www.instagram.com/p/BQ3WZzLBaQZ/"
"5",33680348,"https://www.instagram.com/p/BQ9JICQlE-7/"
"6",24663331,"https://www.instagram.com/p/BREmklogZ_-/"
"7",180037268,"https://www.instagram.com/p/BQ22xtvDHaq/"
"8",32157982,"https://www.instagram.com/p/BQ3v00AB8ML/"
"9",52636324,"https://www.instagram.com/p/BQ_5CVvgqiY/"
"10",181233836,"https://www.instagram.com/p/BQ1P0K3F3X_/"
"11",820664299,"https://www.instagram.com/p/BQ3enJ3j9c8/"
"12",280232914,"https://www.instagram.com/p/BQ4KaUmDaVY/"
"13",1116043998,"https://www.instagram.com/p/BQ6lDo-ldCq/"
"14",1717137099,"https://www.instagram.com/p/BQ9Bwybgeo6/"
"15",338076983,"https://www.instagram.com/p/BRCAkFghzfc/"
"16",983474701,"https://www.instagram.com/p/BQ8BdQYBoIq/"
"17",1735159667,"https://www.instagram.com/p/BQ4DkK2A_Ey/"
"18",1735159667,"https://www.instagram.com/p/BREkzSjgJtW/"
"19",1735159667,"https://www.instagram.com/p/BREoV6fAV4X/"
"20",211361390,"https://www.instagram.com/p/BQ9WTrqFtpZ/"
"21",320450193,"https://www.instagram.com/p/BREIcGLhheH/"
"22",2270599280,"https://www.instagram.com/p/BQ4N9frBcmG/"
"23",4375764117,"https://www.instagram.com/p/BQ8B9lAgzY8/"
"24",405766466,"https://www.instagram.com/p/BQ8SiHggGZj/"
"25",4538276740,"https://www.instagram.com/p/BRDrRbXAHkX/"
"26",3956995861,"https://www.instagram.com/p/BQ4SwV9BmOR/"
"27",2510794,"https://www.instagram.com/p/BQ-oty-AugR/"
"28",453705970,"https://www.instagram.com/p/BQ3a1dLjt3q/"
"29",10933671,"https://www.instagram.com/p/BRB_StEBy_R/"
"30",1313124479,"https://www.instagram.com/p/BQ8fDrqhW0o/"
"31",48054792,"https://www.instagram.com/p/BRDn-zZhizQ/"
"32",1559968,"https://www.instagram.com/p/BRB6Vcwl1CX/"
"33",2303370829,"https://www.instagram.com/p/BQ6Lva6Anoo/"
"34",2917065279,"https://www.instagram.com/p/BQ82bWolI1E/"
"35",1367626731,"https://www.instagram.com/p/BQ--4W8hmQ3/"
"36",3458164530,"https://www.instagram.com/p/BQ6nnkTlYRZ/"
"37",30603749,"https://www.instagram.com/p/BQ34pqWF8no/"
"38",180221950,"https://www.instagram.com/p/BQ4tsRkFDWf/"
"39",19098923,"https://www.instagram.com/p/BQ5otdfDxlz/"
"40",40412277,"https://www.instagram.com/p/BQ8ldDfA9cg/"
"41",12232753,"https://www.instagram.com/p/BQ3z0uKAsmm/"
"42",177042596,"https://www.instagram.com/p/BQ52tBlFypo/"
"43",9703439,"https://www.instagram.com/p/BQ06lCTlXrH/"
"44",3509727048,"https://www.instagram.com/p/BREM8fDAoU2/"
"45",16651904,"https://www.instagram.com/p/BQ6huH1ArKP/"
"46",1682950101,"https://www.instagram.com/p/BQ36PGlB1YC/"
"47",1783983,"https://www.instagram.com/p/BQ-0BBsBLFj/"
"48",9817439,"https://www.instagram.com/p/BQ3FA5OgOrL/"
"49",27569939,"https://www.instagram.com/p/BQ0yCFLBY-S/"
"50",48129474,"https://www.instagram.com/p/BQ1P9MIh_lH/"
"51",195843780,"https://www.instagram.com/p/BQ8PlMQBupJ/"
"52",1520466330,"https://www.instagram.com/p/BQ1XHu5AAsF/"
"53",1093126964,"https://www.instagram.com/p/BQ6eMe7AH5h/"
"54",3909872403,"https://www.instagram.com/p/BQ-7pPFFs7I/"
"55",294909607,"https://www.instagram.com/p/BQ_xHRCh6uq/"
"56",3084581858,"https://www.instagram.com/p/BQ6QjuUlJ-8/"
"57",4591473614,"https://www.instagram.com/p/BRBllHLl925/"
"58",20778911,"https://www.instagram.com/p/BRDyHmchotZ/"
"59",8159137,"https://www.instagram.com/p/BQ57JFBFHKF/"
"60",250705900,"https://www.instagram.com/p/BQ8_HRnALR0/"
"61",4516531582,"https://www.instagram.com/p/BQ3Il-Ohuxd/"
"62",17266959,"https://www.instagram.com/p/BQ_KYkpBCXb/"
"63",33461314,"https://www.instagram.com/p/BQ3-0cGlEx4/"
"64",1443549248,"https://www.instagram.com/p/BQ9Ch1dj-yT/"
"65",1640723729,"https://www.instagram.com/p/BREds4agOCh/"
"66",2096700543,"https://www.instagram.com/p/BQ1FzUsAgnk/"
"67",2951735234,"https://www.instagram.com/p/BQ30ky5g4Hy/"
"68",40880858,"https://www.instagram.com/p/BQ7C2S3l0-O/"
"69",2026902,"https://www.instagram.com/p/BREPBiXguHD/"
"70",3936941712,"https://www.instagram.com/p/BQ3r6HkFPcm/"
"71",3100050096,"https://www.instagram.com/p/BRBU0iQgxuE/"
"72",3555405848,"https://www.instagram.com/p/BRD__oiB1ve/"
"73",249237784,"https://www.instagram.com/p/BQ_89lvhB6d/"
"74",641659164,"https://www.instagram.com/p/BQ1ujtqg60-/"
"75",2315077606,"https://www.instagram.com/p/BQ1NzvSjUaH/"
"76",193157556,"https://www.instagram.com/p/BRETzOKjq51/"
"77",1486346339,"https://www.instagram.com/p/BQ_8mkfjaAe/"
"78",284021633,"https://www.instagram.com/p/BRBaTnwAQ2v/"
"79",6709451,"https://www.instagram.com/p/BRCA7FLhW_3/"
"80",22242111,"https://www.instagram.com/p/BQ1IyniBWUk/"
"81",7244638,"https://www.instagram.com/p/BQ3fn_PBMWp/"
"82",14292586,"https://www.instagram.com/p/BQ_2ZYIDl_t/"
"83",29208856,"https://www.instagram.com/p/BQ4O-J-FFcg/"
"84",14660447,"https://www.instagram.com/p/BREou2nhBTT/"
"85",39492086,"https://www.instagram.com/p/BQ-946SFvqy/"
"86",184948140,"https://www.instagram.com/p/BRCVaDQF-0V/"
"87",605293754,"https://www.instagram.com/p/BQ6O0WAleMy/"
"88",2979004393,"https://www.instagram.com/p/BQ1GChFAlEC/"
"89",2226376986,"https://www.instagram.com/p/BQ5r_DzlzBL/"
"90",4532376587,"https://www.instagram.com/p/BQ3Mb5cgdfN/"
"91",371383418,"https://www.instagram.com/p/BQ4XJiMF1wV/"
"92",1419956096,"https://www.instagram.com/p/BREesEvj3oq/"
"93",3511860791,"https://www.instagram.com/p/BQ3ovSRlJiB/"
"94",4755159,"https://www.instagram.com/p/BQ359Y-hqqW/"
"95",356039668,"https://www.instagram.com/p/BQ3TKBthDZx/"
"96",356039668,"https://www.instagram.com/p/BQ9V5kgBo9A/"
"97",338675286,"https://www.instagram.com/p/BQ5qbSRDlSm/"
"98",3025494997,"https://www.instagram.com/p/BQ4RmqAFzrB/"
"99",2018754056,"https://www.instagram.com/p/BQ9ANAOgq4H/"
"100",19973740,"https://www.instagram.com/p/BQ64M-3grA9/"
